-3.156437951092640470e-01,9.243594917490750573e-01,0.000000000000000000e+00
-9.742400431016977613e-01,3.838001936213440990e-01,0.000000000000000000e+00
-1.031325174643177300e+00,2.094448246404710945e-01,0.000000000000000000e+00
-8.916076624700951525e-01,3.929786625096123309e-01,0.000000000000000000e+00
-9.738398941904982120e-01,4.188914744212700603e-01,0.000000000000000000e+00
-6.307938125474639168e-01,6.699494035533366532e-01,0.000000000000000000e+00
-5.163115722672911856e-01,9.932349196910618128e-01,0.000000000000000000e+00
-7.110583958916476544e-01,8.438806151486967222e-01,0.000000000000000000e+00
-2.935872067364283522e-01,9.006027477731033404e-01,0.000000000000000000e+00
-1.021500976763097146e+00,2.986455189452679737e-01,0.000000000000000000e+00
-1.066159104870074703e+00,3.580321739496923339e-01,0.000000000000000000e+00
-2.188054020534115629e-01,8.806868582794409317e-01,0.000000000000000000e+00
-6.289632490664006648e-01,5.575818438224363627e-01,0.000000000000000000e+00
-4.338712027201658827e-01,8.504614675178630012e-01,0.000000000000000000e+00
-5.727788684383621209e-01,8.236378051039221493e-01,0.000000000000000000e+00
-7.046925183694129069e-02,1.133852337958194845e+00,0.000000000000000000e+00
-9.226111228334265002e-01,-1.714653158974629998e-02,0.000000000000000000e+00
-2.055511711787860740e-03,1.079890238661828539e+00,0.000000000000000000e+00
5.660540710956897259e-01,7.264679387179089343e-01,0.000000000000000000e+00
-5.854366457612436569e-01,8.272971486921683049e-01,0.000000000000000000e+00
-5.534934634582591162e-01,6.464813214771353289e-01,0.000000000000000000e+00
1.483768183868100499e-01,1.054405553050517863e+00,0.000000000000000000e+00
-6.213053016982967858e-01,6.092301970308880987e-01,0.000000000000000000e+00
-3.007177110524915653e-01,9.233206610494518740e-01,0.000000000000000000e+00
-9.831646350645018018e-01,8.894337456995057845e-02,0.000000000000000000e+00
-6.535360398603589083e-01,8.234702540466181109e-01,0.000000000000000000e+00
-5.434703145722236117e-01,8.468582395203601010e-01,0.000000000000000000e+00
3.155508382400608602e-01,9.581875238946501172e-01,0.000000000000000000e+00
-8.901037710340996556e-01,3.605751642705765647e-01,0.000000000000000000e+00
2.378204728376940302e-01,9.468829324880779774e-01,0.000000000000000000e+00
6.804305879357046560e-01,6.858738574296925350e-01,0.000000000000000000e+00
-8.846122505379376832e-01,3.342555972053108393e-01,0.000000000000000000e+00
-4.434113885622717466e-01,9.449790887757305580e-01,0.000000000000000000e+00
-8.479581044393289524e-01,3.775700870820647981e-01,0.000000000000000000e+00
-9.041347875370391307e-01,2.172949446242531668e-01,0.000000000000000000e+00
-9.011631664616878146e-01,2.080250530333664916e-01,0.000000000000000000e+00
-3.751209712596914603e-01,8.603102278703285144e-01,0.000000000000000000e+00
7.132016352327263942e-01,7.166178314886243461e-01,0.000000000000000000e+00
-6.436240364180931262e-02,1.014362735178986119e+00,0.000000000000000000e+00
-1.013016465807428101e+00,1.145922819032637874e-01,0.000000000000000000e+00
-6.162359697957411342e-01,9.345665951039218156e-01,0.000000000000000000e+00
-9.396370283198397511e-01,1.320527775292867634e-01,0.000000000000000000e+00
-2.909904977667868153e-03,9.894239327550676810e-01,0.000000000000000000e+00
1.074587184129432993e+00,5.586928345975715748e-01,0.000000000000000000e+00
-8.535984058961550991e-01,5.858758972742915683e-01,0.000000000000000000e+00
1.954438481754758317e-01,1.137691065569060411e+00,0.000000000000000000e+00
-6.438267718363093195e-01,6.520459585274359648e-01,0.000000000000000000e+00
-9.012010630368122444e-01,3.390851060131047645e-01,0.000000000000000000e+00
-7.680289415980330325e-01,6.258203437120051227e-01,0.000000000000000000e+00
1.695307799991665199e-01,8.171629018858420634e-01,0.000000000000000000e+00
-9.223233071883670808e-01,1.771596762589315310e-01,0.000000000000000000e+00
1.547425074680237600e-01,9.822309726871911728e-01,0.000000000000000000e+00
-1.037380884386712721e+00,3.674490911282406180e-02,0.000000000000000000e+00
8.993952490610995776e-01,5.164172381326717076e-01,0.000000000000000000e+00
-7.705428331425439037e-01,4.864723867827337456e-01,0.000000000000000000e+00
1.374696537342801894e-01,1.067982847355650078e+00,0.000000000000000000e+00
1.042369305351729114e+00,2.353836289633461087e-01,0.000000000000000000e+00
-4.745076031854842391e-01,7.351914819381246691e-01,0.000000000000000000e+00
-7.844794199557189041e-01,1.613761474367162996e-01,0.000000000000000000e+00
-1.283634958600640141e-01,9.650587066700648808e-01,0.000000000000000000e+00
3.216764373207460226e-01,8.454657103121937523e-01,0.000000000000000000e+00
-5.028630279421674176e-01,1.025535502880244421e+00,0.000000000000000000e+00
2.057384616461639948e-01,9.542826113396791765e-01,0.000000000000000000e+00
9.163738962575882496e-01,4.271924290487852383e-01,0.000000000000000000e+00
8.245863784366369575e-02,1.088945235314419779e+00,0.000000000000000000e+00
-5.891024516146809997e-01,8.285335846542283278e-01,0.000000000000000000e+00
3.812660519595750253e-01,9.073092136149666365e-01,0.000000000000000000e+00
-3.423298205232162550e-01,6.905025237637923974e-01,0.000000000000000000e+00
-1.087761420209145902e+00,3.153789106681463283e-01,0.000000000000000000e+00
-3.848771797642703829e-01,8.429027892488778484e-01,0.000000000000000000e+00
6.754306040466344641e-01,7.945532727146232821e-01,0.000000000000000000e+00
-6.565382776509361973e-01,8.080637768992623426e-01,0.000000000000000000e+00
3.526774951882636344e-01,9.088775028986378901e-01,0.000000000000000000e+00
8.202025055309534185e-01,3.328474677180394137e-01,0.000000000000000000e+00
-1.141527822660473701e+00,1.831509830994318966e-01,0.000000000000000000e+00
-7.078500051618279443e-01,3.413716605271336357e-01,0.000000000000000000e+00
-1.566680073119552929e-01,9.382066402181389320e-01,0.000000000000000000e+00
-9.044275332266022982e-01,1.606735262255017116e-01,0.000000000000000000e+00
-1.176201606604195149e+00,-4.737020914287792817e-02,0.000000000000000000e+00
-4.486933265145284233e-01,8.723893229286603379e-01,0.000000000000000000e+00
-7.044656766976686857e-01,6.179408981808099943e-01,0.000000000000000000e+00
6.121091242261136323e-01,5.611297992462052076e-01,0.000000000000000000e+00
-2.967025683285919868e-01,8.630281595762978597e-01,0.000000000000000000e+00
-9.466352629722357692e-01,2.404138060610395145e-01,0.000000000000000000e+00
-7.224370198642102170e-02,8.949382857081756848e-01,0.000000000000000000e+00
-6.086193501310570575e-01,9.174887619254991078e-01,0.000000000000000000e+00
-6.661700604759839273e-01,9.739335817773359105e-01,0.000000000000000000e+00
5.668539359305772019e-01,7.410633585283310509e-01,0.000000000000000000e+00
-6.650203593418040349e-01,7.914441357013798917e-02,0.000000000000000000e+00
-6.734280459326852375e-01,8.953603640801337527e-01,0.000000000000000000e+00
-5.271815594310426123e-01,9.676720477859801495e-01,0.000000000000000000e+00
7.669425286113185081e-01,5.686861911255514102e-01,0.000000000000000000e+00
6.198514985686701811e-02,1.089532789610140773e+00,0.000000000000000000e+00
-8.729727418767341263e-01,-6.646920053615176793e-02,0.000000000000000000e+00
7.368146969080120734e-03,8.697925259246734875e-01,0.000000000000000000e+00
-2.444706910144526790e-01,1.072089917076634702e+00,0.000000000000000000e+00
4.805820498613898595e-01,8.619435724644751717e-01,0.000000000000000000e+00
-5.606640576765452993e-02,1.156470551479751974e+00,0.000000000000000000e+00
1.407470916856028709e-01,9.035455299632293436e-01,0.000000000000000000e+00
-6.858616688287104690e-01,5.568689024581566782e-01,0.000000000000000000e+00
-8.298599257998289236e-01,1.399225495380642115e-01,0.000000000000000000e+00
-5.303610936741658399e-01,9.629778678029909944e-01,0.000000000000000000e+00
2.508312042424041821e-01,8.679051624786137120e-01,0.000000000000000000e+00
-1.903838527929355706e-01,8.459685006873668423e-01,0.000000000000000000e+00
-7.790345981280225596e-01,7.023057058551479548e-01,0.000000000000000000e+00
1.088301345513459639e-01,9.225704214837409101e-01,0.000000000000000000e+00
-7.972660744219315365e-01,7.296140963582041783e-01,0.000000000000000000e+00
-5.689058040814000128e-01,8.699885933716512421e-01,0.000000000000000000e+00
-6.006920844923401281e-01,8.300240817245344571e-01,0.000000000000000000e+00
-1.012653246272379626e+00,-3.073060849824142682e-02,0.000000000000000000e+00
-2.503657478536742698e-01,9.126935061401938443e-01,0.000000000000000000e+00
-3.078394113810163923e-01,7.832234205101089586e-01,0.000000000000000000e+00
-7.726690441154746569e-01,8.176983422487403563e-02,0.000000000000000000e+00
-9.353226829257936803e-01,7.009678958987584085e-01,0.000000000000000000e+00
-6.598781711500147917e-01,7.520898670970828093e-01,0.000000000000000000e+00
3.244459789755211876e-01,1.099807626773749769e+00,0.000000000000000000e+00
-4.431311435175404045e-01,8.042727456228232485e-01,0.000000000000000000e+00
-5.639803838687135196e-01,7.995687531353566913e-01,0.000000000000000000e+00
-9.941489316863356684e-01,6.761765164649806703e-01,0.000000000000000000e+00
-1.099552394142483402e-01,8.192249178084901606e-01,0.000000000000000000e+00
-3.995593874527119671e-01,8.186917618881501824e-01,0.000000000000000000e+00
-1.065027947641448147e+00,5.443484235621635081e-01,0.000000000000000000e+00
2.298103388350485610e-01,1.156025956074131944e+00,0.000000000000000000e+00
-1.000495300832535239e+00,6.136445329268194193e-01,0.000000000000000000e+00
-4.321093417972118322e-01,8.790010658022705536e-01,0.000000000000000000e+00
-2.782175510469968582e-01,1.009702521052361135e+00,0.000000000000000000e+00
-8.595837994895502154e-01,2.674159753127639538e-01,0.000000000000000000e+00
1.014416307931120143e+00,6.366404053311363054e-01,0.000000000000000000e+00
-5.370436423231363943e-01,7.262934656465434013e-01,0.000000000000000000e+00
3.160521112535896182e-01,7.433262818984746056e-01,0.000000000000000000e+00
-2.380370336277566334e-01,1.038989725956980248e+00,0.000000000000000000e+00
-2.413906364784431380e-01,1.015227620085485505e+00,0.000000000000000000e+00
-7.937838437357874755e-01,6.564264180727732434e-01,0.000000000000000000e+00
-5.454057470886559678e-01,9.639281817336203817e-01,0.000000000000000000e+00
-9.911911000868190991e-01,1.535684634634865986e-01,0.000000000000000000e+00
-4.245271976826665017e-01,9.134418224566070998e-01,0.000000000000000000e+00
-8.490951818724992162e-01,7.177202953059769186e-01,0.000000000000000000e+00
-8.278126348013512548e-01,6.760842418065027282e-01,0.000000000000000000e+00
-3.786774078692611845e-01,9.292015344591524340e-01,0.000000000000000000e+00
9.088778922879896527e-01,4.961174076743768424e-01,0.000000000000000000e+00
3.507106458662957449e-01,1.036332296628478922e+00,0.000000000000000000e+00
-5.857174474646871243e-01,4.711102094762144588e-01,0.000000000000000000e+00
4.291828252856991766e-01,8.288633818300593648e-01,0.000000000000000000e+00
-9.780293297249292861e-01,3.729375029739895320e-01,0.000000000000000000e+00
-7.529621996084310265e-01,6.517652049160295169e-01,0.000000000000000000e+00
-8.220296703324667664e-01,2.135214719027711539e-01,0.000000000000000000e+00
-9.193981475734543940e-01,5.349655003389170993e-01,0.000000000000000000e+00
5.045861472329611352e-01,9.868018436148512373e-01,0.000000000000000000e+00
9.063224975553267893e-01,1.887629880317186482e-01,0.000000000000000000e+00
7.661241614661196131e-01,6.186867672296352261e-01,0.000000000000000000e+00
-9.867144649329785411e-01,1.192666951004108106e-01,0.000000000000000000e+00
-8.105277878700769545e-01,5.934045204822101516e-01,0.000000000000000000e+00
-4.752730561542287679e-01,1.159418497468944098e+00,0.000000000000000000e+00
-8.057861213274938872e-02,1.272301954232938126e+00,0.000000000000000000e+00
-7.771428405275160323e-01,4.032991119750344300e-01,0.000000000000000000e+00
-8.605196844507688736e-01,7.557597038246420817e-01,0.000000000000000000e+00
-8.789828341121710409e-01,4.746077294231310084e-01,0.000000000000000000e+00
5.251269589435552110e-01,7.591820284598720381e-01,0.000000000000000000e+00
-7.624422003162142358e-01,6.405630298528642852e-01,0.000000000000000000e+00
-1.155254273491661543e+00,2.323703286588443828e-01,0.000000000000000000e+00
-1.084620554279202675e+00,3.216138037619895584e-01,0.000000000000000000e+00
7.297933017011630774e-01,5.573151008372975168e-01,0.000000000000000000e+00
2.016027574559451363e-01,9.357892921464381342e-01,0.000000000000000000e+00
-9.380664577860782227e-01,4.913685261670851512e-01,0.000000000000000000e+00
-2.598418175396394192e-01,9.082717865149839698e-01,0.000000000000000000e+00
-5.413889929905910670e-01,1.030463950743257362e+00,0.000000000000000000e+00
-1.626663020924409842e-01,9.651283767964192739e-01,0.000000000000000000e+00
-4.458069880823664621e-01,1.045340631199888737e+00,0.000000000000000000e+00
6.725866137743087558e-02,8.699883592269492816e-01,0.000000000000000000e+00
-5.608395850160138307e-01,7.365909806720752906e-01,0.000000000000000000e+00
6.172933652268793869e-01,9.128081318014066303e-01,0.000000000000000000e+00
-6.145752790533638432e-01,6.787029388876051339e-01,0.000000000000000000e+00
-7.526125164440604642e-01,6.235985232498171271e-01,0.000000000000000000e+00
-5.640661915139838500e-02,8.866518519116695085e-01,0.000000000000000000e+00
-6.482011135820612280e-01,6.573648711935303757e-01,0.000000000000000000e+00
-9.396331087511869962e-01,1.069588364553446247e-01,0.000000000000000000e+00
5.434543543820744005e-02,8.461910384202169233e-01,0.000000000000000000e+00
2.053703637285560490e-01,8.861456513527150580e-01,0.000000000000000000e+00
-1.133077702908383388e+00,3.733626588524378564e-01,0.000000000000000000e+00
-7.954245905386477800e-01,3.440825189683970331e-01,0.000000000000000000e+00
4.061644035729172764e-01,8.626189848557916928e-01,0.000000000000000000e+00
-9.585361711878682689e-01,4.583248963130058251e-01,0.000000000000000000e+00
5.939199492146285397e-01,9.349260264322817315e-01,0.000000000000000000e+00
-4.354024610178081067e-01,7.540474039758415792e-01,0.000000000000000000e+00
8.213047032601464847e-01,4.413504934201799568e-01,0.000000000000000000e+00
7.560596696494052971e-01,6.361077783469984981e-01,0.000000000000000000e+00
-3.632885626221589170e-01,8.660841360157075508e-01,0.000000000000000000e+00
-7.836938314407204675e-01,3.343924777771714596e-01,0.000000000000000000e+00
5.080473801051100802e-01,7.838563500889448310e-01,0.000000000000000000e+00
-4.909520471442849754e-01,8.734430696046338038e-01,0.000000000000000000e+00
-3.317326676010421971e-01,6.393708621056348740e-01,0.000000000000000000e+00
-9.917736324254868840e-01,5.302582010635483734e-01,0.000000000000000000e+00
2.148593935102396935e-01,1.027878138159366683e+00,0.000000000000000000e+00
5.959677302627558459e-03,1.040882117548684427e+00,0.000000000000000000e+00
4.286154867479749497e-02,9.545535057352080299e-01,0.000000000000000000e+00
-8.193358293235717404e-01,6.260760345068541177e-01,0.000000000000000000e+00
-2.567778662030362202e-01,8.337259379194321696e-01,0.000000000000000000e+00
3.674682511162343790e-01,1.313004684406056555e+00,0.000000000000000000e+00
-8.703901692600499174e-02,9.633838995485121126e-01,0.000000000000000000e+00
-1.991422399749979699e-01,8.391546442366034642e-01,0.000000000000000000e+00
-6.265958497835654173e-01,1.907832167766884357e+00,1.000000000000000000e+00
-2.108841921869221814e+00,1.891134981317904584e-04,1.000000000000000000e+00
-1.718629069450280156e+00,7.197696845412486777e-01,1.000000000000000000e+00
5.945812700644850790e-02,2.237411635435102575e+00,1.000000000000000000e+00
-5.030104757562247064e-01,1.943862638134675080e+00,1.000000000000000000e+00
2.005968887605441786e+00,5.987313230159629907e-01,1.000000000000000000e+00
-8.795974013469106678e-01,1.647519662511430560e+00,1.000000000000000000e+00
-6.941842368552272324e-01,1.778181352890418454e+00,1.000000000000000000e+00
-1.018481980238804541e+00,1.606541348589433538e+00,1.000000000000000000e+00
-1.782880876787716229e+00,1.343626342886306835e-01,1.000000000000000000e+00
-1.901969687977892898e+00,4.083727014834422075e-02,1.000000000000000000e+00
-9.488217381894628044e-01,1.589635060690402169e+00,1.000000000000000000e+00
4.826393596578031353e-01,1.883890917709847290e+00,1.000000000000000000e+00
-1.899202155658353819e+00,7.118343199547756406e-01,1.000000000000000000e+00
-1.600828077827641138e+00,1.190789323985100401e+00,1.000000000000000000e+00
2.901247280110100801e-01,1.871117192419633035e+00,1.000000000000000000e+00
-1.643502597980793345e+00,1.045468360422507237e+00,1.000000000000000000e+00
-1.459162820922290438e+00,1.088348613972649481e+00,1.000000000000000000e+00
-3.534261529581154693e-01,2.001703703369796195e+00,1.000000000000000000e+00
-9.180772648015294024e-01,1.716080891436557510e+00,1.000000000000000000e+00
-1.131562165331740477e+00,1.805308960554486752e+00,1.000000000000000000e+00
2.030520938796837704e+00,2.985603267320924292e-01,1.000000000000000000e+00
-2.074383872040489685e+00,4.213830949837542028e-01,1.000000000000000000e+00
-6.891420372248351356e-01,1.965697448808082948e+00,1.000000000000000000e+00
5.161018323573316469e-01,2.003600222446770385e+00,1.000000000000000000e+00
-1.624020294184105095e+00,1.215193030723002998e+00,1.000000000000000000e+00
-1.541831903505375356e+00,1.251624895718479236e+00,1.000000000000000000e+00
-1.069435533525315840e+00,1.649089889519862906e+00,1.000000000000000000e+00
-2.119375979422417622e+00,5.432712504220340577e-01,1.000000000000000000e+00
-6.841234720833235805e-01,1.855877746118426153e+00,1.000000000000000000e+00
-1.116849447200500611e+00,1.671914655488882628e+00,1.000000000000000000e+00
-1.332075671252595184e+00,1.461017964796300417e+00,1.000000000000000000e+00
-1.956758841056534193e+00,2.690072034217942942e-01,1.000000000000000000e+00
-1.938037888503217454e+00,2.683044693606538855e-01,1.000000000000000000e+00
-2.074312472658068174e+00,3.406032307215963728e-01,1.000000000000000000e+00
1.926795085171643995e+00,7.379134356809514683e-01,1.000000000000000000e+00
-4.143532641655167104e-01,1.921645257331120682e+00,1.000000000000000000e+00
1.379736779968449678e+00,1.477277807847580782e+00,1.000000000000000000e+00
-4.191100885719811764e-01,2.045289168009499559e+00,1.000000000000000000e+00
1.710804544014802309e-01,1.872298509695014657e+00,1.000000000000000000e+00
-1.242848989938888149e+00,1.505808765241401614e+00,1.000000000000000000e+00
-1.374815780472065097e+00,1.504476605195534056e+00,1.000000000000000000e+00
-1.928684714156920554e+00,5.742088844210783138e-01,1.000000000000000000e+00
-2.087506886633850200e+00,2.972696455011973882e-01,1.000000000000000000e+00
4.550535360256164896e-01,1.916348154403198834e+00,1.000000000000000000e+00
-1.917041017058170427e+00,3.510871999040889868e-01,1.000000000000000000e+00
-1.691974528382198084e+00,1.312664855579189105e+00,1.000000000000000000e+00
7.373719177185408258e-01,1.766884299168067551e+00,1.000000000000000000e+00
1.763530387975254410e+00,8.801863739156422506e-01,1.000000000000000000e+00
1.537813579996203384e+00,1.110168043281357653e+00,1.000000000000000000e+00
-1.943192004690434738e+00,4.497442485162027048e-01,1.000000000000000000e+00
-1.673155809237237168e+00,1.367477172619425030e+00,1.000000000000000000e+00
-1.398477078476265012e+00,1.496412092397550575e+00,1.000000000000000000e+00
-1.230618967732067137e+00,1.547412257952964110e+00,1.000000000000000000e+00
-7.964663585908620114e-01,1.823434635054889341e+00,1.000000000000000000e+00
1.606682029096848208e+00,1.182576743710405998e+00,1.000000000000000000e+00
4.336058334573570927e-01,2.057022478672813737e+00,1.000000000000000000e+00
-1.440368914578272985e+00,1.114385961114752410e+00,1.000000000000000000e+00
-1.505287458021461244e+00,1.047307533518990752e+00,1.000000000000000000e+00
-1.571470622271322615e+00,1.483792273595791578e+00,1.000000000000000000e+00
1.401490354522458182e+00,1.566322043828595634e+00,1.000000000000000000e+00
-1.449219794063832278e+00,1.473608728942673363e+00,1.000000000000000000e+00
-1.627484841858359399e+00,1.179895735631535603e+00,1.000000000000000000e+00
-2.089139901454206694e+00,2.064178058617728295e-01,1.000000000000000000e+00
-1.200979245634446801e+00,1.565603280567311240e+00,1.000000000000000000e+00
3.691982011858815360e-01,2.011165036191936650e+00,1.000000000000000000e+00
1.983875175822261472e+00,7.381216701383965795e-01,1.000000000000000000e+00
-1.673849971835289052e+00,1.184645944419474128e+00,1.000000000000000000e+00
-1.790062343939743394e+00,9.777243006501473710e-01,1.000000000000000000e+00
-1.813981575911611133e+00,4.555385896347929897e-01,1.000000000000000000e+00
-1.882788066536262184e+00,8.540406240149400752e-01,1.000000000000000000e+00
-6.328295314631042778e-01,2.067162739017337714e+00,1.000000000000000000e+00
7.281154966820118091e-01,1.852171238065314141e+00,1.000000000000000000e+00
1.240021513483899884e+00,1.740391753088903704e+00,1.000000000000000000e+00
-1.970179240698261225e+00,1.548448309475418949e-01,1.000000000000000000e+00
-8.441844761274144293e-01,1.818803709580319783e+00,1.000000000000000000e+00
-1.419788083654239363e+00,1.571564087673658516e+00,1.000000000000000000e+00
-2.030606449299437788e+00,2.002495803844728250e-01,1.000000000000000000e+00
2.161841784260332411e-01,1.925051531854005349e+00,1.000000000000000000e+00
-1.957508918360164607e+00,6.478888849484568668e-01,1.000000000000000000e+00
-1.897566693111114144e+00,9.329917710572440681e-01,1.000000000000000000e+00
-1.434728348159013178e+00,1.588383851630523314e+00,1.000000000000000000e+00
-1.398161178086525958e+00,1.397883887152024940e+00,1.000000000000000000e+00
-1.636252928103205662e+00,1.185928276065272069e+00,1.000000000000000000e+00
-1.933171190811949325e+00,3.821526677149158502e-01,1.000000000000000000e+00
8.703517264379563301e-01,1.900289456055849646e+00,1.000000000000000000e+00
-2.025896168245211015e+00,4.192005532288253788e-01,1.000000000000000000e+00
-2.030383564302582933e+00,6.501432627713964463e-01,1.000000000000000000e+00
-1.637653901517054589e+00,1.007413884207079890e+00,1.000000000000000000e+00
-4.711074942985556957e-01,2.121675892458291024e+00,1.000000000000000000e+00
-1.761394820520096660e+00,7.755644848690723681e-01,1.000000000000000000e+00
-2.072556464249159180e+00,3.207420068558571313e-01,1.000000000000000000e+00
-1.392232680104529274e+00,1.608363837179819900e+00,1.000000000000000000e+00
-2.026787389514115745e+00,9.476672034622740659e-03,1.000000000000000000e+00
-1.375607930583241822e+00,1.468564707158755978e+00,1.000000000000000000e+00
-1.662272310565134914e+00,1.165882883763725619e+00,1.000000000000000000e+00
1.916036471606826996e+00,4.477286624354619993e-01,1.000000000000000000e+00
-2.048677462082849399e+00,-1.047343272425310667e-03,1.000000000000000000e+00
-8.087762258107941138e-01,1.817573468671351389e+00,1.000000000000000000e+00
-1.855989433672033950e+00,7.837818226701851465e-01,1.000000000000000000e+00
-1.613149064647719566e+00,9.815177421840558525e-01,1.000000000000000000e+00
6.029922127038869206e-01,1.964440686405293901e+00,1.000000000000000000e+00
-1.091008653096640746e+00,1.687884373439033636e+00,1.000000000000000000e+00
1.203640256135410924e-01,2.121411426602351824e+00,1.000000000000000000e+00
-1.739635297033389705e+00,1.266566824370608746e+00,1.000000000000000000e+00
-1.903581646937064331e+00,3.319405769610876966e-01,1.000000000000000000e+00
-1.351049760156981749e+00,1.396276310303613100e+00,1.000000000000000000e+00
5.551229288339410983e-01,2.019435927542740039e+00,1.000000000000000000e+00
-4.447511466063359675e-01,2.068478268615882243e+00,1.000000000000000000e+00
1.573118476207003291e-01,1.800392031493429856e+00,1.000000000000000000e+00
-1.072078199431191647e+00,1.559931594169082336e+00,1.000000000000000000e+00
-9.046064763077763526e-01,1.703971135686542571e+00,1.000000000000000000e+00
-4.113243911255222152e-01,2.159233139237046739e+00,1.000000000000000000e+00
-1.718369332511505920e+00,1.014865765834718436e+00,1.000000000000000000e+00
-1.762951142679981542e+00,8.325802620047282332e-01,1.000000000000000000e+00
-1.936407755814811615e+00,6.649315466718583867e-01,1.000000000000000000e+00
-1.612228348804254363e+00,9.388630086487645965e-01,1.000000000000000000e+00
-2.237536413074833419e+00,1.713269209910492918e-01,1.000000000000000000e+00
-1.994678829783545604e+00,5.970313832923137554e-01,1.000000000000000000e+00
-9.757025896901269646e-02,2.006457468915523012e+00,1.000000000000000000e+00
-1.880856881180214657e+00,4.939006511097866481e-01,1.000000000000000000e+00
-1.281360453079922745e+00,1.417460771499027494e+00,1.000000000000000000e+00
-9.226927487508576053e-01,1.819693631403863421e+00,1.000000000000000000e+00
-4.343890176108732293e-01,1.826531044003377513e+00,1.000000000000000000e+00
-1.728338394021136981e+00,8.419882439439704269e-01,1.000000000000000000e+00
-3.091793552337095408e-01,2.034045827055444899e+00,1.000000000000000000e+00
-1.345471738339291567e+00,1.476031520868078095e+00,1.000000000000000000e+00
-1.521797346390062478e+00,1.187710084976049130e+00,1.000000000000000000e+00
-1.165341001593546588e+00,1.664743265686316587e+00,1.000000000000000000e+00
-2.154059494536065156e+00,3.275313693307206342e-01,1.000000000000000000e+00
-5.364866311708510471e-01,1.968942846845097794e+00,1.000000000000000000e+00
-1.718901122245407809e+00,6.229360134781199987e-01,1.000000000000000000e+00
-1.844345602130978756e+00,1.051799318590674881e+00,1.000000000000000000e+00
-1.483017769259869612e+00,1.541526783689240565e+00,1.000000000000000000e+00
-1.880450568233034359e+00,4.797696888306273166e-01,1.000000000000000000e+00
1.456697519493323489e-01,1.939735297213502907e+00,1.000000000000000000e+00
-4.922634945941559148e-01,2.025996593347538344e+00,1.000000000000000000e+00
-9.573742683386579078e-01,1.824260440581527476e+00,1.000000000000000000e+00
1.475386298242849170e+00,1.485758675885983537e+00,1.000000000000000000e+00
-1.836025985506860136e+00,5.820590568961369060e-01,1.000000000000000000e+00
-1.639089503546861115e+00,1.231397337098593114e+00,1.000000000000000000e+00
-1.505699366421009211e+00,1.183639110482794576e+00,1.000000000000000000e+00
-1.874912376794890978e+00,9.499638114337195516e-01,1.000000000000000000e+00
-6.321706229708108360e-01,1.930328908806167254e+00,1.000000000000000000e+00
1.475631416833510068e+00,1.355604738662097297e+00,1.000000000000000000e+00
-2.166449842325616881e+00,-1.899219544260460912e-02,1.000000000000000000e+00
-4.886306373305172590e-01,1.984591110418808979e+00,1.000000000000000000e+00
-7.255272574989973799e-01,1.822308736022894671e+00,1.000000000000000000e+00
-4.906034643561736908e-01,2.152631320188851838e+00,1.000000000000000000e+00
-1.727699718050288213e+00,1.054635445653485215e+00,1.000000000000000000e+00
1.415383018708320950e+00,1.393535161089930030e+00,1.000000000000000000e+00
-1.749515117577079781e+00,6.477863079182348827e-01,1.000000000000000000e+00
-5.436700413466866166e-01,1.866673530049560270e+00,1.000000000000000000e+00
-6.161860515398707161e-01,2.120198874361117092e+00,1.000000000000000000e+00
4.168145344751010839e-01,2.140967316564969192e+00,1.000000000000000000e+00
-1.548946924385541379e+00,1.245338476658783167e+00,1.000000000000000000e+00
-1.460812075768306295e+00,1.386429473670035328e+00,1.000000000000000000e+00
-1.670476355258216028e+00,1.053006785782335086e+00,1.000000000000000000e+00
-1.792835359968000475e+00,7.785758836248456438e-01,1.000000000000000000e+00
5.142345444684906508e-03,1.926747118238427259e+00,1.000000000000000000e+00
-8.286118448858951213e-01,1.749591439157255568e+00,1.000000000000000000e+00
-1.969236971005908110e+00,7.038621987023310211e-01,1.000000000000000000e+00
-1.068514807060962690e+00,1.669086073601515841e+00,1.000000000000000000e+00
-1.027769119488216032e-01,2.030950610324826933e+00,1.000000000000000000e+00
-1.242396307624713314e+00,1.763184098204996442e+00,1.000000000000000000e+00
-1.643789829387968027e+00,1.201302022935139657e+00,1.000000000000000000e+00
-5.719017713349645871e-02,2.084624091268802548e+00,1.000000000000000000e+00
-1.034459841564115690e-01,1.892542887466166723e+00,1.000000000000000000e+00
-1.877421541619846534e+00,5.520776212353400991e-01,1.000000000000000000e+00
-1.898979865157681912e+00,1.626183316343668694e-01,1.000000000000000000e+00
-1.032961941807140738e+00,1.610701489568554745e+00,1.000000000000000000e+00
1.086006118694561318e+00,1.593915791664100912e+00,1.000000000000000000e+00
-1.839784223618518011e+00,2.575511431184202005e-01,1.000000000000000000e+00
-1.274700061321180522e+00,1.528049348610600600e+00,1.000000000000000000e+00
1.528034977869168198e+00,1.087447558433074946e+00,1.000000000000000000e+00
-3.140882144854402203e-01,2.041148676960494956e+00,1.000000000000000000e+00
3.128042804877028682e-01,1.917225447287640216e+00,1.000000000000000000e+00
-1.293776092038710024e+00,1.698214288554954710e+00,1.000000000000000000e+00
-9.729522707771005585e-01,1.746710480672701404e+00,1.000000000000000000e+00
-1.966671580063230174e+00,2.705605398394100858e-02,1.000000000000000000e+00
-1.858370942215429311e+00,8.637107340332412786e-01,1.000000000000000000e+00
-1.867004016547601397e+00,8.195752850860018590e-01,1.000000000000000000e+00
-1.472873435891762783e+00,1.149743676802028824e+00,1.000000000000000000e+00
-7.399948374037840226e-01,1.818683888062349707e+00,1.000000000000000000e+00
9.754655711152263597e-01,1.765509133436529376e+00,1.000000000000000000e+00
1.607544345966994248e+00,1.142082782979480182e+00,1.000000000000000000e+00
-1.194008624083985781e+00,1.498498923211012190e+00,1.000000000000000000e+00
-1.880787597598429839e+00,9.491197696318390831e-01,1.000000000000000000e+00
-1.891737849274444105e+00,7.194003739571569467e-01,1.000000000000000000e+00
-7.377000520120157168e-01,2.031234973798881960e+00,1.000000000000000000e+00
-1.552360435084322976e+00,1.414333418742045101e+00,1.000000000000000000e+00
9.490141092444361881e-01,1.809113379486141149e+00,1.000000000000000000e+00
-1.270696775731800621e+00,1.365156598979859526e+00,1.000000000000000000e+00
-1.833426866225499108e+00,8.641766330850407796e-01,1.000000000000000000e+00
-9.751822392361795266e-01,1.772612627030135668e+00,1.000000000000000000e+00
-1.611749215431210303e+00,1.290609453693576603e+00,1.000000000000000000e+00
-8.097525297967778091e-01,1.815112391505271372e+00,1.000000000000000000e+00
1.006102928527559559e+00,1.749130464248666472e+00,1.000000000000000000e+00
-6.862040933255714181e-01,1.847539858404446678e+00,1.000000000000000000e+00
-6.938870564806238761e-01,1.789279979594253112e+00,1.000000000000000000e+00
-2.512080865635717863e+00,1.546240317405159326e+00,2.000000000000000000e+00
-2.967317411912185232e+00,2.422992727584001027e-01,2.000000000000000000e+00
-1.046704964797436244e+00,2.779647392285284457e+00,2.000000000000000000e+00
-1.071436735479968760e+00,2.878639337780751539e+00,2.000000000000000000e+00
-2.884358951476206467e+00,4.715190589953744960e-01,2.000000000000000000e+00
-2.505009234874284285e+00,1.400267634008578677e+00,2.000000000000000000e+00
1.048216157980188745e+00,2.649213782238580173e+00,2.000000000000000000e+00
-1.663712373310472170e+00,2.490296180975276386e+00,2.000000000000000000e+00
-2.042181195819318340e+00,2.168364067399517925e+00,2.000000000000000000e+00
-8.690068669343926633e-01,2.808455996497025708e+00,2.000000000000000000e+00
2.801822522983203445e+00,1.188054725164435110e+00,2.000000000000000000e+00
-1.205251604577395330e-01,2.944484044304818582e+00,2.000000000000000000e+00
-2.625322144693337911e+00,1.619158874440098872e+00,2.000000000000000000e+00
-2.600841359177867407e+00,1.833835990934632898e+00,2.000000000000000000e+00
-2.188740259205565586e+00,1.882856669330925659e+00,2.000000000000000000e+00
-3.016209535705726807e+00,3.933590511311513271e-01,2.000000000000000000e+00
-2.113944576378040008e+00,2.269983828070108789e+00,2.000000000000000000e+00
-2.879012153353060377e+00,2.291501625000499642e-01,2.000000000000000000e+00
-2.319766909343987216e+00,1.953392407748480553e+00,2.000000000000000000e+00
-4.245105562511423958e-02,2.949015839112816284e+00,2.000000000000000000e+00
-2.044465447166504468e+00,2.414785099823733905e+00,2.000000000000000000e+00
-2.465022793455327932e+00,1.316484246341088848e+00,2.000000000000000000e+00
-2.470160001103833824e+00,1.502036302785099586e+00,2.000000000000000000e+00
-2.791767362461854418e+00,1.217634765031684774e+00,2.000000000000000000e+00
-1.613909900846447920e+00,2.719261728692540014e+00,2.000000000000000000e+00
-1.140562634052948665e+00,2.736126058364193980e+00,2.000000000000000000e+00
-2.784155258145496248e+00,9.956006408400561725e-01,2.000000000000000000e+00
-1.699055519445527018e+00,2.511900342463289526e+00,2.000000000000000000e+00
1.128932090024594714e+00,2.688885343331954836e+00,2.000000000000000000e+00
2.647705287870524504e+00,1.627050260093983791e+00,2.000000000000000000e+00
-1.223379229845632077e+00,2.761302950132968448e+00,2.000000000000000000e+00
-2.920051879929497662e+00,6.509980270906152722e-01,2.000000000000000000e+00
-7.368945849615259336e-01,2.912942305915135144e+00,2.000000000000000000e+00
-2.860589283421972606e+00,7.612994508789701076e-01,2.000000000000000000e+00
6.970313158359484618e-01,3.012295149789812942e+00,2.000000000000000000e+00
8.586565213652295192e-01,2.840989750715182449e+00,2.000000000000000000e+00
-2.842436857917753024e+00,1.209959874879469766e+00,2.000000000000000000e+00
-2.140009721669493103e+00,2.196381281447033373e+00,2.000000000000000000e+00
-2.328412793671416625e-01,2.902429560297089317e+00,2.000000000000000000e+00
6.921662743557362996e-01,2.839620328007599781e+00,2.000000000000000000e+00
-1.276260018707063182e+00,2.895728133613901800e+00,2.000000000000000000e+00
-4.977373125741015869e-01,3.074485056420205975e+00,2.000000000000000000e+00
4.705275408686705463e-01,3.058994074300628085e+00,2.000000000000000000e+00
-2.709611499770558929e+00,4.426772741812480816e-01,2.000000000000000000e+00
-2.998054594124031524e+00,3.282570414001362846e-01,2.000000000000000000e+00
-1.279501376821070568e+00,2.863139961634713515e+00,2.000000000000000000e+00
-3.113895409614814369e+00,4.478927640335844673e-01,2.000000000000000000e+00
1.486485100425375183e+00,2.962704125266995892e+00,2.000000000000000000e+00
-1.596339956291340068e+00,2.448805203258069163e+00,2.000000000000000000e+00
-2.373581716670766895e+00,1.655468170341275691e+00,2.000000000000000000e+00
1.719502060344111571e+00,2.282686517288315287e+00,2.000000000000000000e+00
2.003940973027631856e+00,2.309737353675920701e+00,2.000000000000000000e+00
6.697004413156253388e-01,2.883134299328599326e+00,2.000000000000000000e+00
-2.188762740228404335e-01,3.008059473238727133e+00,2.000000000000000000e+00
-1.367435403865798760e+00,2.604410309606582263e+00,2.000000000000000000e+00
2.931391036892159185e+00,7.450398250496842456e-01,2.000000000000000000e+00
2.062259857563372378e+00,2.325469854660594748e+00,2.000000000000000000e+00
-1.900673126717996375e+00,2.300946679902768910e+00,2.000000000000000000e+00
-2.993510088775300559e+00,3.155590129441764868e-01,2.000000000000000000e+00
-2.484813400852929899e+00,1.787721420956394969e+00,2.000000000000000000e+00
-2.141896160848518971e+00,1.927364168507916808e+00,2.000000000000000000e+00
2.717448643023820942e-01,3.027480682230187625e+00,2.000000000000000000e+00
2.659972624221355275e+00,1.452746531703250410e+00,2.000000000000000000e+00
-2.898807878704798391e+00,1.970802568164762292e-01,2.000000000000000000e+00
1.590222379012775411e+00,2.678653819143434145e+00,2.000000000000000000e+00
2.729501751992677416e+00,1.228307258037300009e+00,2.000000000000000000e+00
-2.793982607919046401e+00,8.441101434721550723e-01,2.000000000000000000e+00
-1.263990283711260876e+00,2.892203024825032998e+00,2.000000000000000000e+00
-8.115863544438425281e-01,2.982226350981875385e+00,2.000000000000000000e+00
-3.126103799580495224e+00,4.562141941983182680e-01,2.000000000000000000e+00
-2.592799965814196472e+00,1.183513081635420461e+00,2.000000000000000000e+00
-1.561510205086863001e+00,2.550770469254359352e+00,2.000000000000000000e+00
-7.714221088902328827e-01,2.941108691522282381e+00,2.000000000000000000e+00
-8.176728416177885261e-01,2.961243162383630612e+00,2.000000000000000000e+00
-2.807084116577765354e+00,7.347099317438374744e-01,2.000000000000000000e+00
-2.696303026667652869e+00,1.234907316260858590e+00,2.000000000000000000e+00
7.367102180590842098e-01,2.913877665941348116e+00,2.000000000000000000e+00
-9.442407684973608273e-01,2.772146989216875745e+00,2.000000000000000000e+00
-2.026927699984248932e+00,2.487478712340931875e+00,2.000000000000000000e+00
-5.563266773617344674e-01,2.895674289251224387e+00,2.000000000000000000e+00
-4.016682682080384148e-01,2.825517516948977903e+00,2.000000000000000000e+00
-2.756927156362447562e+00,1.261026452426003530e+00,2.000000000000000000e+00
-8.772493774930956167e-01,2.862132712961097170e+00,2.000000000000000000e+00
-2.356565038707718163e+00,1.399074677345484075e+00,2.000000000000000000e+00
1.961122102951299739e+00,2.237587244676866316e+00,2.000000000000000000e+00
-1.272515198972384187e+00,2.785941024725608450e+00,2.000000000000000000e+00
-4.647227222436309813e-01,2.618563772546963708e+00,2.000000000000000000e+00
-2.806770869162461768e+00,1.376201241542605702e+00,2.000000000000000000e+00
-1.640342689791833397e+00,2.358951988730443983e+00,2.000000000000000000e+00
-1.448680150637416064e+00,2.728282378509207629e+00,2.000000000000000000e+00
-2.990765887382959232e+00,4.641575915773813454e-01,2.000000000000000000e+00
1.512409377428392876e+00,2.653653897646020887e+00,2.000000000000000000e+00
-2.941237435124718136e+00,3.419278853418601938e-01,2.000000000000000000e+00
-1.952582095470507317e+00,2.427851020031137619e+00,2.000000000000000000e+00
-3.630353724891816625e-01,2.941469221778797216e+00,2.000000000000000000e+00
-2.937971823839693020e+00,3.326922133985408259e-01,2.000000000000000000e+00
2.727589079988931520e+00,9.126124170899959642e-01,2.000000000000000000e+00
2.007551629957309736e+00,2.247864691396940451e+00,2.000000000000000000e+00
9.919329807677421673e-01,2.732086985827160586e+00,2.000000000000000000e+00
1.927901495894282613e+00,2.445911823273473118e+00,2.000000000000000000e+00
-2.935109047587332931e+00,4.049722781098140101e-01,2.000000000000000000e+00
1.782256822810510899e+00,2.554350103895214108e+00,2.000000000000000000e+00
-2.908022215238904806e+00,7.511988283534341004e-01,2.000000000000000000e+00
-2.050824507682421860e+00,2.040773828214061947e+00,2.000000000000000000e+00
-2.946429435558789667e+00,9.498702215418769468e-02,2.000000000000000000e+00
-1.437168531256818871e-01,3.134784357016244360e+00,2.000000000000000000e+00
1.428562043838536910e+00,2.625454864699120261e+00,2.000000000000000000e+00
-2.216161525589543491e+00,2.030479961734244831e+00,2.000000000000000000e+00
8.709780558083504154e-01,2.951243159556729889e+00,2.000000000000000000e+00
9.364094548456791678e-01,2.757440493692928651e+00,2.000000000000000000e+00
-2.186736529506915439e+00,2.164593629250150197e+00,2.000000000000000000e+00
-2.283901088451937955e+00,1.773033849114253657e+00,2.000000000000000000e+00
-2.381676874299280655e+00,2.219892934949196928e+00,2.000000000000000000e+00
-1.162291304651939861e+00,2.609712401261092385e+00,2.000000000000000000e+00
-2.715894486032361499e+00,7.707016752615235555e-01,2.000000000000000000e+00
2.236089532144618808e+00,1.872096660079341390e+00,2.000000000000000000e+00
-9.989317325893543043e-01,2.754112254901257995e+00,2.000000000000000000e+00
-2.703374560356729628e+00,1.535338035974995963e+00,2.000000000000000000e+00
-2.261435643001659557e+00,1.872303681346178195e+00,2.000000000000000000e+00
6.587862525610096442e-01,3.054295159569627049e+00,2.000000000000000000e+00
1.673021370995847246e+00,2.399310062473451133e+00,2.000000000000000000e+00
-2.954613143841749778e+00,1.749138083917526898e-01,2.000000000000000000e+00
-2.692706144267662083e+00,1.250213261164311751e+00,2.000000000000000000e+00
-2.854821728607879194e+00,1.639878779577426116e-01,2.000000000000000000e+00
2.939568083990195646e+00,8.499525407147825451e-01,2.000000000000000000e+00
-9.157640982333624668e-01,3.036566639851820959e+00,2.000000000000000000e+00
-3.047391120289018485e+00,2.799579736293848486e-01,2.000000000000000000e+00
-3.089119014913530137e+00,2.157062834384566308e-01,2.000000000000000000e+00
-2.267686820388277624e+00,2.003742478315930775e+00,2.000000000000000000e+00
-1.882045787772597789e+00,2.381065268166807414e+00,2.000000000000000000e+00
-2.091954403331850010e+00,2.319451771629713832e+00,2.000000000000000000e+00
-2.439951982540669917e+00,1.486022460368140008e+00,2.000000000000000000e+00
7.755078495981471143e-01,2.731315945984936988e+00,2.000000000000000000e+00
-2.938583649958459887e+00,1.272209271703614308e-01,2.000000000000000000e+00
1.464488476224201641e-01,3.225057425202355610e+00,2.000000000000000000e+00
-2.822205326101940859e+00,1.275291076921110545e+00,2.000000000000000000e+00
-1.513676909618144606e+00,2.414196222070942977e+00,2.000000000000000000e+00
8.797161825666719448e-01,3.050967333671937176e+00,2.000000000000000000e+00
-2.059912079286687625e+00,2.300326449260113204e+00,2.000000000000000000e+00
-1.572417008135382543e+00,2.462667755817639303e+00,2.000000000000000000e+00
-1.867114322649070068e+00,2.334112016609886098e+00,2.000000000000000000e+00
1.348844674502480689e+00,2.604897777660668989e+00,2.000000000000000000e+00
9.724757811906241667e-01,2.662246882028249662e+00,2.000000000000000000e+00
-1.249661869056152286e+00,2.675301155399465891e+00,2.000000000000000000e+00
1.256627445016139211e+00,2.581408786346986339e+00,2.000000000000000000e+00
-1.540215561025816360e+00,2.581591693212548222e+00,2.000000000000000000e+00
-2.293382396058172290e+00,1.833767583345897512e+00,2.000000000000000000e+00
-2.937199715334793293e+00,2.126953167512259657e-01,2.000000000000000000e+00
-3.018511113437381876e+00,-1.059092482645397626e-01,2.000000000000000000e+00
-2.237626452156440404e+00,1.869815811000220096e+00,2.000000000000000000e+00
-1.011584746322159223e+00,2.665488785969795771e+00,2.000000000000000000e+00
-2.771777679511048476e+00,1.269128544095457389e+00,2.000000000000000000e+00
-2.919550348605164380e+00,6.322768874585381615e-01,2.000000000000000000e+00
-7.252662317466954667e-01,2.939990426795138223e+00,2.000000000000000000e+00
-2.937546743471838528e+00,-1.575258763110650717e-01,2.000000000000000000e+00
-2.766277309930692763e+00,8.071162498277472119e-01,2.000000000000000000e+00
-7.370377006663048070e-01,2.813390038638513779e+00,2.000000000000000000e+00
4.287257736020891885e-01,2.654379860151007797e+00,2.000000000000000000e+00
-3.530960572457647606e-01,2.865510102914749613e+00,2.000000000000000000e+00
7.809542697518281340e-01,2.846920481818401072e+00,2.000000000000000000e+00
-3.099084653072305517e+00,4.216441043766286922e-01,2.000000000000000000e+00
-2.927995645774403854e+00,6.877069338221749595e-01,2.000000000000000000e+00
-2.243277479965251953e+00,1.990327042846086192e+00,2.000000000000000000e+00
-2.171809237906293877e+00,2.075016395263233004e+00,2.000000000000000000e+00
8.171514076553427763e-01,2.701836796165145937e+00,2.000000000000000000e+00
-6.435528343227321368e-01,2.977033708924718525e+00,2.000000000000000000e+00
-2.579665737502192524e+00,1.236700545826585396e+00,2.000000000000000000e+00
-2.543523307416027723e+00,1.688976222646046965e+00,2.000000000000000000e+00
-2.733251092562915652e+00,1.288276344709856192e+00,2.000000000000000000e+00
-2.155935126217709552e+00,2.135890026089096949e+00,2.000000000000000000e+00
-2.094209277163347593e+00,2.239606254629968873e+00,2.000000000000000000e+00
4.923055938321981850e-01,3.131791124127398351e+00,2.000000000000000000e+00
-2.021273191388277546e+00,1.912354413044911938e+00,2.000000000000000000e+00
-2.217925810884070703e+00,2.280325321192237631e+00,2.000000000000000000e+00
-2.654841374703924561e+00,1.167189421745342237e+00,2.000000000000000000e+00
-2.118150239055682338e+00,2.100019104271854786e+00,2.000000000000000000e+00
-2.770705391697758202e+00,8.109750486524874846e-01,2.000000000000000000e+00
-1.611906082982679678e+00,2.229472625486912829e+00,2.000000000000000000e+00
-7.553475181010549377e-01,2.899861406317777224e+00,2.000000000000000000e+00
-3.152704555984175983e+00,3.236274215776517860e-01,2.000000000000000000e+00
-2.809085600573667740e+00,8.991381377292010368e-01,2.000000000000000000e+00
5.360142381605526030e-01,2.856964075385069357e+00,2.000000000000000000e+00
-4.993888029184332389e-01,2.899300823549527895e+00,2.000000000000000000e+00
-2.970352972208375242e+00,3.872821345242759006e-01,2.000000000000000000e+00
-3.014586722737136792e+00,5.390414581636747693e-01,2.000000000000000000e+00
-2.408236572859574487e+00,1.817114550698383013e+00,2.000000000000000000e+00
-1.951722331323550108e+00,2.221461781893778298e+00,2.000000000000000000e+00
-3.018075668523934940e+00,8.057426842007218981e-02,2.000000000000000000e+00
-2.270072262364221327e+00,2.141781041379038353e+00,2.000000000000000000e+00
-1.961713479869487520e+00,2.208289877946470803e+00,2.000000000000000000e+00
-3.006083984979260659e+00,4.924240233275916090e-01,2.000000000000000000e+00
-2.891068388132510325e+00,1.147022082091255335e+00,2.000000000000000000e+00
-2.735080907593488764e+00,1.323471756153773438e+00,2.000000000000000000e+00
-1.815933549910789147e+00,2.302560023468271933e+00,2.000000000000000000e+00
-1.909909867779640003e+00,2.326469259246005894e+00,2.000000000000000000e+00
-2.672233071594332987e+00,1.151050094645272193e+00,2.000000000000000000e+00
2.437250841851628103e+00,1.925084759443607352e+00,2.000000000000000000e+00
-2.699498082880924521e+00,1.136886823739354568e+00,2.000000000000000000e+00
2.949080926808401948e+00,1.237532002115165453e+00,2.000000000000000000e+00
-2.333494462498304944e+00,1.823927781369236500e+00,2.000000000000000000e+00
